period,region,mean_mm,max_mm
2026-10-05,Hiiraan,0.8,3.4
2026-10-05,Sanaag,3.3,19.1
2026-10-05,Banadir,0.8,0.9
2026-10-05,Togdheer,8.5,21.2
2026-10-05,Bakool,9.4,26.9
2026-10-05,Gedo,7.1,17.7
2026-10-05,Middle Shebelle,1.2,3.6
2026-10-05,Woqooyi Galbeed,7.0,22.1
2026-10-05,Sool,3.0,9.6
2026-10-05,Nugaal,0.1,0.7
2026-10-05,Mudug,0.4,2.5
2026-10-05,Middle Juba,3.2,8.9
2026-10-05,Lower Shebelle,1.5,4.4
2026-10-05,Lower Juba,1.8,4.1
2026-10-05,Galgaduud,0.9,2.8
2026-10-05,Bay,3.4,14.5
2026-10-05,Bari,0.3,2.2
2026-10-05,Awdal,0.2,2.0
2026-10-06,Hiiraan,0.0,0.3
2026-10-06,Sanaag,2.8,13.2
2026-10-06,Banadir,2.1,2.2
2026-10-06,Togdheer,3.1,10.5
2026-10-06,Bakool,0.7,2.8
2026-10-06,Gedo,1.1,6.9
2026-10-06,Middle Shebelle,0.3,2.2
2026-10-06,Woqooyi Galbeed,4.6,11.5
2026-10-06,Sool,0.8,7.9
2026-10-06,Nugaal,0.0,0.1
2026-10-06,Mudug,0.0,0.6
2026-10-06,Middle Juba,0.5,3.0
2026-10-06,Lower Shebelle,1.0,3.4
2026-10-06,Lower Juba,0.4,2.7
2026-10-06,Galgaduud,0.1,0.6
2026-10-06,Bay,0.1,1.2
2026-10-06,Bari,0.1,2.1
2026-10-06,Awdal,3.0,11.3
2026-10-07,Hiiraan,0.3,1.9
2026-10-07,Sanaag,2.5,9.3
2026-10-07,Banadir,0.2,0.2
2026-10-07,Togdheer,2.5,13.1
2026-10-07,Bakool,0.3,1.4
2026-10-07,Gedo,0.2,1.6
2026-10-07,Middle Shebelle,0.5,2.3
2026-10-07,Woqooyi Galbeed,5.2,13.2
2026-10-07,Sool,1.8,8.3
2026-10-07,Nugaal,0.1,0.7
2026-10-07,Mudug,0.0,0.3
2026-10-07,Middle Juba,0.2,0.5
2026-10-07,Lower Shebelle,0.4,1.7
2026-10-07,Lower Juba,0.2,1.2
2026-10-07,Galgaduud,0.0,0.1
2026-10-07,Bay,0.4,2.0
2026-10-07,Bari,0.0,0.4
2026-10-07,Awdal,1.9,13.8
2026-10-08,Hiiraan,1.2,3.8
2026-10-08,Sanaag,1.3,6.9
2026-10-08,Banadir,0.5,0.6
2026-10-08,Togdheer,5.0,14.3
2026-10-08,Bakool,1.8,4.5
2026-10-08,Gedo,0.8,3.1
2026-10-08,Middle Shebelle,0.2,0.5
2026-10-08,Woqooyi Galbeed,3.9,16.3
2026-10-08,Sool,4.0,9.4
2026-10-08,Nugaal,1.3,3.6
2026-10-08,Mudug,0.4,3.2
2026-10-08,Middle Juba,0.7,2.2
2026-10-08,Lower Shebelle,0.3,1.1
2026-10-08,Lower Juba,0.3,2.0
2026-10-08,Galgaduud,0.7,3.3
2026-10-08,Bay,0.9,4.0
2026-10-08,Bari,0.0,1.4
2026-10-08,Awdal,0.2,1.1
2026-10-09,Hiiraan,2.5,6.1
2026-10-09,Sanaag,4.6,12.4
2026-10-09,Banadir,0.7,0.8
2026-10-09,Togdheer,8.1,17.2
2026-10-09,Bakool,3.1,6.4
2026-10-09,Gedo,1.1,4.6
2026-10-09,Middle Shebelle,0.4,1.6
2026-10-09,Woqooyi Galbeed,3.5,13.9
2026-10-09,Sool,3.5,9.1
2026-10-09,Nugaal,1.1,4.5
2026-10-09,Mudug,1.6,7.1
2026-10-09,Middle Juba,0.3,0.7
2026-10-09,Lower Shebelle,0.6,2.9
2026-10-09,Lower Juba,0.2,2.1
2026-10-09,Galgaduud,1.0,4.2
2026-10-09,Bay,2.2,7.8
2026-10-09,Bari,0.1,1.9
2026-10-09,Awdal,0.0,0.5
2026-10-10,Hiiraan,2.4,8.6
2026-10-10,Sanaag,5.8,22.7
2026-10-10,Banadir,0.4,0.6
2026-10-10,Togdheer,5.6,11.2
2026-10-10,Bakool,5.2,12.9
2026-10-10,Gedo,2.3,5.9
2026-10-10,Middle Shebelle,0.6,2.1
2026-10-10,Woqooyi Galbeed,3.6,10.6
2026-10-10,Sool,2.6,8.6
2026-10-10,Nugaal,0.8,4.1
2026-10-10,Mudug,0.9,6.8
2026-10-10,Middle Juba,1.1,2.2
2026-10-10,Lower Shebelle,1.4,4.0
2026-10-10,Lower Juba,0.6,2.9
2026-10-10,Galgaduud,1.5,7.1
2026-10-10,Bay,2.8,10.1
2026-10-10,Bari,0.1,1.6
2026-10-10,Awdal,0.3,3.3
2026-10-11,Hiiraan,4.1,9.6
2026-10-11,Sanaag,8.0,24.4
2026-10-11,Banadir,0.2,0.3
2026-10-11,Togdheer,12.9,30.1
2026-10-11,Bakool,4.9,13.1
2026-10-11,Gedo,1.6,6.2
2026-10-11,Middle Shebelle,0.6,1.4
2026-10-11,Woqooyi Galbeed,10.2,29.3
2026-10-11,Sool,5.8,18.8
2026-10-11,Nugaal,0.6,2.6
2026-10-11,Mudug,0.7,8.0
2026-10-11,Middle Juba,0.1,0.4
2026-10-11,Lower Shebelle,0.5,1.6
2026-10-11,Lower Juba,0.5,6.7
2026-10-11,Galgaduud,1.9,11.1
2026-10-11,Bay,2.1,8.1
2026-10-11,Bari,0.2,3.7
2026-10-11,Awdal,2.8,19.9
total_2026-10-05_2026-10-11,Hiiraan,11.3,25.3
total_2026-10-05_2026-10-11,Sanaag,28.1,92.9
total_2026-10-05_2026-10-11,Banadir,5.0,5.3
total_2026-10-05_2026-10-11,Togdheer,45.7,87.7
total_2026-10-05_2026-10-11,Bakool,25.3,51.9
total_2026-10-05_2026-10-11,Gedo,14.3,28.3
total_2026-10-05_2026-10-11,Middle Shebelle,3.7,6.0
total_2026-10-05_2026-10-11,Woqooyi Galbeed,38.0,85.6
total_2026-10-05_2026-10-11,Sool,21.5,53.1
total_2026-10-05_2026-10-11,Nugaal,4.0,13.2
total_2026-10-05_2026-10-11,Mudug,4.1,19.9
total_2026-10-05_2026-10-11,Middle Juba,6.2,11.2
total_2026-10-05_2026-10-11,Lower Shebelle,5.8,10.5
total_2026-10-05_2026-10-11,Lower Juba,4.0,16.6
total_2026-10-05_2026-10-11,Galgaduud,6.1,18.6
total_2026-10-05_2026-10-11,Bay,12.0,34.1
total_2026-10-05_2026-10-11,Bari,0.8,10.8
total_2026-10-05_2026-10-11,Awdal,8.5,36.2
